id;orcamento_id;nome_identificacao;largura;altura;quantidade;tipo_cortina;tecido_id;forro_id;trilho_id;precisa_instalacao;pontos_instalacao;custo_tecido;custo_forro;custo_trilho;custo_acessorios;custo_costura;custo_instalacao;custo_total;preco_venda;created_at;updated_at;tipo_produto;material_principal_id;barra_cm;ambiente;preco_unitario;is_outro;descricao;fabrica;motorizada;observacoes_internas;servicos_adicionais_ids;barra_forro_cm;motor_id;custo_motor
3cfbdbf9-9f97-4cfe-9d48-eca6095df5d4;98e77f26-58d0-4eb0-a0f4-dd21629723a1;Persiana Tela Solar 3% com bando. (Cópia);1.27;2.00;1;rolo;;;;true;1;0.00;0.00;0.00;0.00;0.00;120.00;650.00;1300.00;2026-01-08 16:49:47.067003+00;2026-01-08 16:50:09.75047+00;persiana;de2f8898-d506-450b-aca3-483bd55133ca;0;Outros;530;false;Persiana Tela Solar 3% com bando.;TS;false;;[];0;;0
169aee2c-dd2c-4b07-b69b-2aa107587364;9809802f-2760-4d0c-a75d-fa29f0716b50;Cortina Sala De Estar;2.31;2.67;1;prega;e2462d3a-7b6e-4eff-bf83-66297d9f01d7;ee140427-a270-4485-94a4-b9e3b67f2c6b;;true;1;177.06;58.10;0.00;0.00;231.00;129.00;595.16;1190.32;2026-01-08 19:46:46.563261+00;2026-01-08 19:53:34.932067+00;cortina;;30;Sala de Estar;;false;;;false;;"[""3145c925-4034-4ef3-8a42-0426900cddab"",""a22a9d50-37db-4c82-bd60-cf4cab6b601e""]";10;;0
0c9dbffb-fcc3-4824-8c60-21427e47f6af;9809802f-2760-4d0c-a75d-fa29f0716b50;Cortina Suíte Master;1.80;2.74;1;prega;e2462d3a-7b6e-4eff-bf83-66297d9f01d7;144be8a8-4bc5-4fb9-a385-34cc9444c290;85c9a5d3-47eb-4425-bc70-d940ea8617fb;true;1;210.50;233.41;26.92;0.00;209.00;129.00;808.84;1617.67;2026-01-08 19:51:02.795681+00;2026-01-08 19:53:35.685163+00;cortina;;30;Quarto;;false;;;false;;"[""48726790-51eb-4457-bfdd-d3001aa06bb6"",""a22a9d50-37db-4c82-bd60-cf4cab6b601e""]";10;;0
461a7031-483c-47b4-a1b3-c587b565684f;c8558d04-79da-4d1b-b6c7-5b0a4af726e0;Cortina Sala De Estar;4.17;2.70;1;prega;3e4ad144-776f-4cfc-b8a5-4a47dc442d20;203ad5a5-e41f-4128-91ec-cdc541fc7a54;85c9a5d3-47eb-4425-bc70-d940ea8617fb;true;2;293.60;150.85;60.51;0.00;277.55;258.00;1040.51;1976.96;2025-11-27 13:21:18.962882+00;2025-11-27 13:23:47.729349+00;cortina;;40;Sala de Estar;;false;;;false;;[];0;;0
f9b66263-46b2-4674-b23d-683b22b50d10;6587caf1-04c6-4e0c-97f9-080177f41c51;Persiana 1;1.22;1.12;1;rolo;;;;true;1;0.00;0.00;0.00;0.00;0.00;120.00;400.00;800.00;2025-11-27 15:05:39.906192+00;2025-11-27 15:06:05.474573+00;persiana;;0;Quarto;400;false;Persiana Blackout 100% caixa box com guia.;Trilho sul;false;Medida da cliente, confirmar medida e preço de fabrica.;[];0;;0
e1942e22-d883-4ed3-96ba-9d22a13fa2b7;fe34c1f4-881c-42df-ad6d-c9292abaf589;Persianas Janela Fundos;1.76;2.65;3;rolo;;;;true;1;0.00;0.00;0.00;0.00;0.00;240.00;1912.17;3633.12;2025-11-26 20:32:10.122902+00;2025-11-26 20:56:21.61621+00;persiana;;0;Outros;637.39;false;Persiana Tela solar ivory 3% com bando.;Trilho Sul;false;;[];0;;0
918e96e5-091c-4f74-8c79-32a5937ead30;fe34c1f4-881c-42df-ad6d-c9292abaf589;Persiana Janela Frente;1.77;2.63;4;rolo;;;;true;1;0.00;0.00;0.00;0.00;0.00;480.00;2832.80;5382.32;2025-11-26 20:34:30.229098+00;2025-11-26 20:56:21.82985+00;persiana;;0;Outros;708.2;false;Persiana Tela solar 3% ivory com bando.;Trilho Sul;false;;[];0;;0
30537129-b328-4343-bc10-d3085adcfdcb;caca571c-22bd-4563-92da-7c632f46ee0a;METALIZADA ALUMINIUM;1.14;1.07;1;horizontal;;;;true;1;0.00;0.00;0.00;0.00;0.00;120.00;137.86;249.53;2025-12-01 19:23:53.682653+00;2025-12-01 19:25:19.248048+00;persiana;;0;Outros;137.86;false; H25 METALIZADA ALUMINIUM;TS;false;;[];0;;0
fe81362d-7191-44d3-96d9-529265cfe296;caca571c-22bd-4563-92da-7c632f46ee0a;METALIZADA ALUMINIUM 2;1.60;1.10;1;horizontal;;;;false;1;0.00;0.00;0.00;0.00;0.00;0.00;193.48;350.20;2025-12-01 19:24:36.683305+00;2025-12-01 19:25:19.524557+00;persiana;;0;Outros;193.48;false;H25 METALIZADA ALUMINIUM;TS;false;H25 METALIZADA ALUMINIUM;[];0;;0
b723dc05-6f24-4512-a283-bb919b9eb0c3;06e16b13-0e01-40df-a1a5-429cedd2aefc;Cortina 2 - (Casal) - Opção 2 Linare Branco;2.71;2.61;1;prega;TEC-LINHO-SINTETICO-09-MARFIM;FOR-BLACKOUT-100-LISO-09-MARFIM;TRI-TRILHO-MAX-COM-UMA-VIA-2CM;true;1;215.10;384.03;17.31;0.00;182.65;60.00;859.09;1387.43;2025-11-25 13:21:55.608854+00;2025-11-25 13:22:28.123072+00;cortina;;40;Quarto;;false;;;false;;[];0;;0
dfd49f3a-201b-4471-a389-b17d75a2dcbc;41951cda-f446-4a75-908f-65e65b967455;Cortina 1;2.00;3.00;1;painel;;4938dbdc-505e-493f-989b-d7c17e1ff5bb;;false;1;0.00;246.02;0.00;0.00;130.00;0.00;376.02;607.28;2025-11-26 21:31:23.67514+00;2025-11-26 21:31:51.294402+00;cortina;;10;Sala de Jantar;;false;;;false;;[];0;;0
74a6030b-a3b0-4790-a1fe-4a5fc3f2f420;1853c777-d77c-41fa-bfa3-471fab4e902c;Sala De Estar;4.00;2.80;1;painel;;5eebc2ef-4ad4-40ff-847b-128d02cebfbc;;true;1;0.00;392.39;0.00;0.00;180.00;129.00;701.39;1332.63;2025-12-03 17:19:35.819701+00;2025-12-03 17:23:48.670471+00;cortina;;10;Sala de Estar;;false;;;false;Somente confecçao do blackout 100%;"[""48726790-51eb-4457-bfdd-d3001aa06bb6""]";0;;0
10b26664-8372-4c1a-b101-9fa796614834;a1a04914-0763-44fb-8680-9c30fcac6b2e;Cortina cozinha;1.10;2.50;1;prega;;521a5334-af1b-4b2e-b5a5-18995c6863e3;;false;1;0.00;108.78;0.00;0.00;49.50;0.00;158.28;650.53;2025-12-03 18:01:32.042792+00;2025-12-05 13:38:51.092276+00;cortina;;5;Cozinha;;false;;;false;;"[""48726790-51eb-4457-bfdd-d3001aa06bb6""]";0;;0
5fa0ec53-6cd5-40e8-a2d8-bd88b2cd2baf;34dbb2a4-34ed-47bc-b40f-043d59806c14;ROLO SCREEN FA3 BRANCA;1.14;1.07;1;rolo;;;;false;1;0.00;0.00;0.00;0.00;0.00;0.00;213.06;344.09;2025-12-01 19:12:10.901821+00;2025-12-01 19:15:15.189806+00;persiana;;0;Outros;213.06;false;ROLO SCREEN FA3 BRANCA;TS;false;69 - NIVELADOR;[];0;;0
d8da1992-794e-4584-85ea-6de8d3425c62;34dbb2a4-34ed-47bc-b40f-043d59806c14;ROLO SCREEN BRANCA 2;1.60;1.10;1;rolo;;;;true;1;0.00;0.00;0.00;0.00;0.00;120.00;299.04;482.95;2025-12-01 19:13:31.703328+00;2025-12-01 19:15:15.435788+00;persiana;;0;Outros;299.04;false;ROLO SCREEN FA3 BRANCA;TS;false;69 - NIVELADOR;[];0;;0
0cbff7a7-faf0-47af-b931-3942d5473679;46ed729a-846e-4654-9db8-e46dff5062a9;Opção 2 - PH25 ALUMINIO;0.45;0.95;1;horizontal;;;;true;1;0.00;0.00;0.00;0.00;0.00;120.00;240.92;481.84;2025-12-02 21:42:41.756043+00;2025-12-05 12:40:07.137489+00;persiana;;0;Cozinha;120.92;false;PH25 ALUMINIO.;TS;false;;[];0;;0
7aa57074-a09b-4bc9-9914-fc3101152ed3;7558caac-7fe8-4034-b342-0a5769633d11;Persiana Blackout 100% com guia.;1.44;1.15;1;rolo;;;;true;1;0.00;0.00;0.00;0.00;0.00;120.00;673.88;1200.18;2025-12-01 12:24:26.388317+00;2025-12-05 12:52:00.508409+00;persiana;;0;Quarto;673.88;false;Persiana Tela Solar 3% com bando.;Trilho Sul;false;;[];0;;0
017ca444-868c-4191-b538-b856fabded05;0c24959a-11cd-489e-923e-ce840b156fc4;Persiana Caixa Box;1.20;1.20;1;rolo;;;;true;1;0.00;0.00;0.00;0.00;0.00;300.00;785.00;1450.68;2025-12-08 12:14:03.02978+00;2025-12-09 14:30:16.823474+00;persiana;090d61f3-d2fe-4dbe-8424-97e897b0fe08;0;Quarto;485;false;Persiana Caixa Box Blackout 100% Com guias laterais e inferiores.;TS;false;;[];0;;0
82ad440f-a35e-4f29-afdb-dfd66d5fd7bd;d61ef0e9-fbbe-492e-ad5b-131a249700af;Caixa Box 1;1.60;1.15;1;rolo;;;;true;1;0.00;0.00;0.00;0.00;0.00;300.00;910.00;1820.00;2025-12-08 12:21:25.774314+00;2025-12-08 12:27:20.937314+00;persiana;090d61f3-d2fe-4dbe-8424-97e897b0fe08;0;Quarto;610;false;Persiana Caixa Box Blackout  100% com guia lateral e inferior;TS;false;;[];0;;0
539db735-5cfc-4060-a354-f446f807f1ca;d61ef0e9-fbbe-492e-ad5b-131a249700af;Caixa Box 2;1.63;1.45;1;rolo;;;;true;1;0.00;0.00;0.00;0.00;0.00;300.00;1005.00;2010.00;2025-12-08 12:22:45.746604+00;2025-12-08 12:27:21.336624+00;persiana;090d61f3-d2fe-4dbe-8424-97e897b0fe08;0;Sala de Estar;705;false;Persiana Caixa Box Blackout  100% com guia lateral e inferior.;TS;false;;[];0;;0
538d05d0-2e28-4165-9781-e18981d64f09;d61ef0e9-fbbe-492e-ad5b-131a249700af;Cortina Sala;2.30;2.40;1;prega;4c736a64-1c9a-4257-9474-89e6c21f7520;ecb1e60b-962e-498e-ad7b-5bdd3ad9fb88;85c9a5d3-47eb-4425-bc70-d940ea8617fb;true;2;157.62;138.69;34.01;0.00;264.00;258.00;852.32;1704.63;2025-12-08 12:25:44.060695+00;2025-12-08 12:27:21.645775+00;cortina;;40;Cozinha;;false;;;false;;"[""48726790-51eb-4457-bfdd-d3001aa06bb6"",""a22a9d50-37db-4c82-bd60-cf4cab6b601e""]";10;;0
58d5cc09-8e6e-4fcf-85b7-c69ce3fc3428;86ece6d4-05ed-437a-a742-872dd2873baa;Cortina Lateral;0.70;2.70;1;prega;4c736a64-1c9a-4257-9474-89e6c21f7520;2c02ba56-0e2e-44f0-80a4-0720f0a729c3;85c9a5d3-47eb-4425-bc70-d940ea8617fb;true;2;63.83;98.72;11.34;0.00;88.00;258.00;519.88;1039.77;2025-12-08 12:38:43.60595+00;2025-12-08 12:39:54.529766+00;cortina;;40;Sala de Estar;;false;;;false;;"[""a22a9d50-37db-4c82-bd60-cf4cab6b601e"",""48726790-51eb-4457-bfdd-d3001aa06bb6""]";10;;0
1b71ca55-341e-44a4-b106-bc82ddb2e1b8;06e16b13-0e01-40df-a1a5-429cedd2aefc;Cortina 2 - (Casal) - Opção 1 Linho Sintético;2.71;2.61;1;prega;;af75eb70-8b06-45f3-ba2f-ad00f61f1ece;519cdb80-60a0-4d8e-87a7-0c60d10a5851;true;1;0.00;384.03;26.05;0.00;56.20;60.00;526.28;789.42;2025-11-25 13:20:37.0991+00;2026-01-07 23:22:28.416634+00;cortina;;40;Quarto;;false;;;false;;[];0;;0
c7705afd-7624-4a49-9bc9-1cb488d607b0;2458ebbf-1103-46bd-955c-7c97e7434cd3;Persianas tela solar 3% com nivelador e pêndulo.;1.19;1.88;4;rolo;;;;true;1;0.00;0.00;0.00;0.00;0.00;120.00;1720.00;3612.00;2026-01-05 22:19:30.86503+00;2026-01-06 13:13:10.978374+00;persiana;de2f8898-d506-450b-aca3-483bd55133ca;0;Área Externa;400;false;Persiana tela solar ivory 3% com nivelador e pêndulo.;TS;false;;[];0;;0
05bd918f-52e4-49b0-801f-061a334083da;06e16b13-0e01-40df-a1a5-429cedd2aefc;Cortina 1 - (Filha);3.82;2.60;1;prega;;af75eb70-8b06-45f3-ba2f-ad00f61f1ece;519cdb80-60a0-4d8e-87a7-0c60d10a5851;true;1;0.00;534.96;36.34;0.00;78.40;60.00;709.70;1064.55;2025-11-25 13:14:06.586085+00;2026-01-07 23:22:28.416634+00;cortina;;40;Quarto;;false;;;false;;[];0;;0
00e565a7-6024-4235-a158-f668b699ef69;86ece6d4-05ed-437a-a742-872dd2873baa;Cortina Sala Frente;5.40;2.70;1;prega;4c736a64-1c9a-4257-9474-89e6c21f7520;2c02ba56-0e2e-44f0-80a4-0720f0a729c3;85c9a5d3-47eb-4425-bc70-d940ea8617fb;true;2;446.82;493.58;77.94;0.00;605.00;258.00;1881.33;3762.66;2025-12-08 12:35:16.391964+00;2025-12-08 12:39:54.19213+00;cortina;;40;Sala de Estar;;false;;;false;;"[""a22a9d50-37db-4c82-bd60-cf4cab6b601e"",""48726790-51eb-4457-bfdd-d3001aa06bb6""]";10;;0
1c8a315a-7e20-4a15-9055-6e2b0c3188f7;d4591deb-d258-4877-ac7a-ccb7620fb3ff;Persiana Quarto Filha.;1.30;1.40;1;rolo;;;;true;1;0.00;0.00;0.00;0.00;0.00;240.00;812.11;1624.22;2026-01-08 16:08:27.448767+00;2026-01-08 16:09:50.929661+00;persiana;090d61f3-d2fe-4dbe-8424-97e897b0fe08;0;Quarto;572.11;false;Persiana Blackout 100% com guia lateral e inferior instalada fora do vao;TS;false;;[];0;;0
985f4dde-048f-4dca-a991-b434e25aa65d;dc89b3e7-f889-4302-8063-ae6ead5f2dd4;Sala de estar;2.04;2.47;1;prega;695fdc2c-14c2-4a3a-9ce3-fb45b0221c5b;0acac32f-20c2-44c3-b5da-d452b34d3998;;true;1;249.19;136.68;0.00;0.00;224.40;129.00;739.27;1596.81;2025-12-09 12:31:51.376403+00;2025-12-10 09:46:12.278063+00;cortina;;10;Sala de Estar;;false;;;false;;"[""48726790-51eb-4457-bfdd-d3001aa06bb6"",""a22a9d50-37db-4c82-bd60-cf4cab6b601e""]";10;;0
ab1ea200-3c1a-4d33-bffa-0273989c4e7e;dc89b3e7-f889-4302-8063-ae6ead5f2dd4;Persiana Cozinha;0.69;2.47;1;rolo;;;;true;1;0.00;0.00;0.00;0.00;0.00;120.00;420.00;907.20;2025-12-09 13:21:06.493574+00;2025-12-10 09:46:12.707023+00;persiana;f9acd39d-00de-43eb-ab19-07aed6cbed62;0;Cozinha;300;false;Persiana Nápoles Blackout com bando bege.;TS;false;;[];0;;0
e2b92eb4-e379-47cd-81fc-faff7d8ec759;ee266052-f2a8-465d-b6ad-1a9bacd12a71;Cortina Sacada;5.30;2.31;1;prega;e2462d3a-7b6e-4eff-bf83-66297d9f01d7;ecb1e60b-962e-498e-ad7b-5bdd3ad9fb88;;true;1;406.25;319.59;0.00;0.00;530.00;129.00;1384.84;2769.67;2025-12-16 20:19:39.36039+00;2025-12-16 20:21:39.082643+00;cortina;;30;Outros;;false;;;false;;"[""a22a9d50-37db-4c82-bd60-cf4cab6b601e"",""3145c925-4034-4ef3-8a42-0426900cddab""]";30;;0
2f22c2a3-b470-4f30-8535-e544c279b98f;ee266052-f2a8-465d-b6ad-1a9bacd12a71;Cortina Sala De Estar;3.35;2.29;1;prega;e2462d3a-7b6e-4eff-bf83-66297d9f01d7;ecb1e60b-962e-498e-ad7b-5bdd3ad9fb88;85c9a5d3-47eb-4425-bc70-d940ea8617fb;true;1;256.78;202.01;48.89;0.00;379.50;129.00;1016.17;2032.34;2025-12-16 20:21:25.47645+00;2025-12-16 20:21:39.374534+00;cortina;;30;Sala de Estar;;false;;;false;;"[""a22a9d50-37db-4c82-bd60-cf4cab6b601e"",""48726790-51eb-4457-bfdd-d3001aa06bb6""]";20;;0
4321f99c-3088-46eb-a757-1080bf18303c;f234d16a-ddcf-4279-aee8-b59b7e8f7d31;Persiana Double Vision.;1.60;2.25;1;rolo;;;;true;1;0.00;0.00;0.00;0.00;0.00;200.00;1350.00;2700.00;2025-12-15 12:44:46.74331+00;2025-12-15 12:47:21.417122+00;persiana;de2f8898-d506-450b-aca3-483bd55133ca;0;Outros;1150;false;Persiana Double Vision no tecido tela solar 3% com bando.;TS;false;;[];0;;0
fef5141b-91b6-4c7e-9fd0-318ecd258960;eace0cc5-81d3-48ca-9fb9-d2b99e7e4a3a;Cortina 1;2.20;2.35;1;prega;3e4ad144-776f-4cfc-b8a5-4a47dc442d20;;;true;1;150.77;0.00;0.00;0.00;143.00;129.00;422.77;845.54;2025-12-10 19:50:51.059531+00;2025-12-12 19:22:47.758816+00;cortina;;30;Outros;;false;;;false;;"[""a22a9d50-37db-4c82-bd60-cf4cab6b601e""]";0;;0
85f955f2-fb30-4f33-a56f-4f3de683df77;eace0cc5-81d3-48ca-9fb9-d2b99e7e4a3a;Cortina 2;0.65;1.40;1;prega;3e4ad144-776f-4cfc-b8a5-4a47dc442d20;;;true;1;44.54;0.00;0.00;0.00;42.25;129.00;215.79;431.58;2025-12-10 19:53:01.29364+00;2025-12-12 19:22:48.052229+00;cortina;;20;Outros;;false;;;false;;"[""a22a9d50-37db-4c82-bd60-cf4cab6b601e""]";0;;0
88a05eeb-ea53-4b4e-95b0-8518e6e23a26;7daa79ad-dcb6-46aa-bf71-f2651d77267d;Cortina 1;3.11;2.75;1;prega;d332fe13-fda6-4b06-90d6-36e37746c610;ecb1e60b-962e-498e-ad7b-5bdd3ad9fb88;85c9a5d3-47eb-4425-bc70-d940ea8617fb;true;2;476.04;217.80;45.49;0.00;401.25;258.00;1398.58;2461.50;2025-12-10 14:22:00.559862+00;2025-12-10 19:43:44.931141+00;cortina;;50;Sala de Estar;;false;;;false;;"[""69da02ed-8ce4-4b0d-95e9-7bd29e79681a"",""48726790-51eb-4457-bfdd-d3001aa06bb6"",""a22a9d50-37db-4c82-bd60-cf4cab6b601e""]";10;;0
a2634f2c-e877-411f-82b0-49591799682a;eace0cc5-81d3-48ca-9fb9-d2b99e7e4a3a;Cortina 3;2.40;1.60;1;wave;3e4ad144-776f-4cfc-b8a5-4a47dc442d20;;;true;1;164.47;0.00;0.00;0.00;156.00;129.00;449.47;898.94;2025-12-10 19:53:53.996058+00;2025-12-12 19:22:48.274554+00;cortina;;30;Outros;;false;;;false;;"[""a22a9d50-37db-4c82-bd60-cf4cab6b601e""]";0;;0
58c9c1de-cad3-49a7-b277-2a692e849f3c;a7a26196-1ce5-4b12-855e-a1cef0f9f7f1;Persiana Caixa Box;1.45;1.15;1;rolo;;;;true;1;0.00;0.00;0.00;0.00;0.00;300.00;858.16;1716.32;2025-12-13 13:41:52.69025+00;2025-12-13 13:42:15.926075+00;persiana;090d61f3-d2fe-4dbe-8424-97e897b0fe08;0;Outros;558.16;false;Persiana Caixa Box Branca Com Guias Laterais e Inferior.;TS;false;;[];0;;0
d748aa11-4e42-40f1-83b1-f49ddc73004a;bb1f7139-81ca-4dc1-9afa-91f6e952f543;Persiana Sala De Estar;3.35;2.29;2;rolo;;;;true;1;0.00;0.00;0.00;0.00;0.00;240.00;1383.64;2767.28;2025-12-16 20:26:50.152147+00;2025-12-16 20:26:59.683029+00;persiana;de2f8898-d506-450b-aca3-483bd55133ca;0;Sala de Estar;1143.64;false;;TS;false;;[];0;;0
4485b802-2723-48e4-b58b-353d3a209e67;3f02f323-5451-47db-a2d3-0f97091322f8;Persiana 1;1.00;1.15;1;rolo;;;;true;1;0.00;0.00;0.00;0.00;0.00;250.00;700.00;1398.60;2025-12-15 14:07:05.891809+00;2025-12-15 14:09:20.854779+00;persiana;090d61f3-d2fe-4dbe-8424-97e897b0fe08;0;Outros;450;false;Persiana blackout sem guia.;TS;false;;[];0;;0
5712cc8a-3b46-4de7-83d1-7f0c70ae790f;ff95efe6-5098-4551-a1dc-9357f93decd3;Cortina Sacada;6.46;2.16;1;prega;4c736a64-1c9a-4257-9474-89e6c21f7520;f449d938-14ed-47d0-b700-e4a6427a55e5;1ead606e-5a08-4fe8-8a90-08ddf50a5ee4;true;2;442.36;207.37;60.76;0.00;655.50;258.00;1623.99;3247.99;2025-12-16 20:08:59.977364+00;2025-12-16 20:09:37.911844+00;cortina;;30;Sala de Estar;;false;;;false;;"[""a22a9d50-37db-4c82-bd60-cf4cab6b601e"",""3145c925-4034-4ef3-8a42-0426900cddab""]";10;;0
7a33059c-f6a2-4fc4-a807-3ae518fdff8d;bb1f7139-81ca-4dc1-9afa-91f6e952f543;Persiana Sacada;5.30;2.31;3;rolo;;;;true;1;0.00;0.00;0.00;0.00;0.00;360.00;2181.73;4363.46;2025-12-16 20:25:05.484075+00;2025-12-16 20:26:59.38083+00;persiana;de2f8898-d506-450b-aca3-483bd55133ca;0;Outros;1821.73;false;Persianas Tela Solar 3% com nivelador.;TS;false;;[];0;;0
a376cdfd-9df5-42fd-bb69-b7bc01ebf0f5;a2606bf1-6167-47f9-b754-b5c25d7af547;Persiana Quarto Filho;2.00;1.80;1;rolo;;;;true;1;0.00;0.00;0.00;0.00;0.00;120.00;1687.57;3375.14;2025-12-17 17:50:23.712425+00;2025-12-17 17:50:32.972669+00;persiana;f9acd39d-00de-43eb-ab19-07aed6cbed62;0;Quarto;1567.57;false;Persiana Blackout  100% linho cinza com nivelador.;TS;false;;[];0;;0
381c8966-3661-4413-bdbd-aaff10835fb5;a2606bf1-6167-47f9-b754-b5c25d7af547;Persiana Suite Master;2.20;2.00;1;rolo;;;;true;1;0.00;0.00;0.00;0.00;0.00;120.00;1843.29;3686.58;2025-12-17 17:49:20.052445+00;2025-12-17 17:50:32.576311+00;persiana;f9acd39d-00de-43eb-ab19-07aed6cbed62;0;Quarto;1723.29;false;Persiana Blackout  100% linho cinza com nivelador.;TS;false;;[];0;;0
db262db8-f19f-447d-9e1e-75d065b65caf;e61963ef-fddb-4e76-b0cc-c537c83f9130;Cortina Suite Master;3.29;2.52;1;prega;19c26162-bdec-49e6-a8f6-9a7f4fb357c8;144be8a8-4bc5-4fb9-a385-34cc9444c290;85c9a5d3-47eb-4425-bc70-d940ea8617fb;true;1;251.87;319.15;47.98;0.00;372.46;129.00;1120.46;2240.93;2025-12-18 23:01:22.245164+00;2025-12-18 23:01:48.42178+00;cortina;;40;Quarto;;false;;;false;;"[""a22a9d50-37db-4c82-bd60-cf4cab6b601e"",""48726790-51eb-4457-bfdd-d3001aa06bb6""]";10;;0
8a3423cb-1780-4c87-8d02-2a919c738b64;e61963ef-fddb-4e76-b0cc-c537c83f9130;Cortina Sala op. 1;2.92;2.52;1;prega;3e4ad144-776f-4cfc-b8a5-4a47dc442d20;c35a1bb5-5667-43f2-9f07-7ef01c0d109c;85c9a5d3-47eb-4425-bc70-d940ea8617fb;true;1;200.24;176.20;42.82;0.00;332.42;129.00;880.68;1761.36;2025-12-17 17:56:17.747247+00;2025-12-18 23:01:48.159493+00;cortina;;40;Sala de Estar;;false;;;false;;"[""a22a9d50-37db-4c82-bd60-cf4cab6b601e"",""48726790-51eb-4457-bfdd-d3001aa06bb6""]";10;;0
843d0f95-7c23-4985-ab51-523ec8ccef6f;7874e0fb-f3d5-4d4d-87dd-e3fb841e90ca;Cortina Suite Master;3.29;2.52;1;prega;;144be8a8-4bc5-4fb9-a385-34cc9444c290;85c9a5d3-47eb-4425-bc70-d940ea8617fb;true;1;0.00;319.54;48.04;0.00;220.35;129.00;716.93;1433.86;2025-12-18 23:02:09.758457+00;2025-12-19 12:47:02.870242+00;cortina;;0;;;false;;;false;;"[""a22a9d50-37db-4c82-bd60-cf4cab6b601e""]";0;;0
8ebc2987-ab4e-4161-82f1-996b8759e86e;bdc62809-b0ac-4f54-9255-0db6c2e132d0;Persiana 1;2.51;1.30;1;horizontal;;;;true;1;0.00;0.00;0.00;0.00;0.00;400.00;1827.66;3655.32;2025-12-08 15:24:20.196576+00;2026-01-05 22:55:06.621296+00;persiana;9a7113bc-1d7f-44bc-9618-d9bb81efb4bd;0;Outros;1427.66;false;;TS;true;;[];0;;0
c84493d8-47bc-4fe4-b624-158958d945af;186686ec-b8b1-4243-b426-5bd5221bf4a4;Espaço Gourmet;3.33;3.51;1;prega;e2462d3a-7b6e-4eff-bf83-66297d9f01d7;ecb1e60b-962e-498e-ad7b-5bdd3ad9fb88;85c9a5d3-47eb-4425-bc70-d940ea8617fb;true;1;365.03;279.82;48.60;0.00;565.95;129.00;1388.40;2915.64;2025-12-18 23:19:09.167618+00;2025-12-18 23:20:08.549321+00;cortina;;50;Sala de Jantar;;false;;;false;;"[""a22a9d50-37db-4c82-bd60-cf4cab6b601e"",""48726790-51eb-4457-bfdd-d3001aa06bb6"",""4f5f677b-17ec-4a92-9bb1-52ec38f2606d"",""4fb0a316-39bb-4cf3-8d30-15916ccc509d""]";20;;0
bdb3794a-3090-45de-83c8-73f1e2d56085;dc488323-4f87-4090-ac88-00e784b7663f;Cortina 1;3.00;2.47;1;prega;4601ffd7-7bb9-4b2e-b21b-33c43f8964c7;b62273e1-536b-4d3c-bcb8-0da1b87b3eb0;;true;1;229.95;96.38;0.00;0.00;330.00;129.00;785.33;1570.65;2025-12-29 17:14:19.314998+00;2025-12-29 17:16:31.540919+00;cortina;;30;;;false;;;false;;"[""a22a9d50-37db-4c82-bd60-cf4cab6b601e"",""48726790-51eb-4457-bfdd-d3001aa06bb6""]";10;;0
aa69a408-74b7-4c38-9a95-d0b00f7bf88f;bdd16f55-15aa-40fb-9550-aeade5b235fe;Persiana 5;1.19;1.85;1;rolo;;;;true;1;0.00;0.00;0.00;0.00;0.00;120.00;520.00;1040.00;2025-12-26 21:36:29.82356+00;2025-12-26 21:52:06.448426+00;persiana;de2f8898-d506-450b-aca3-483bd55133ca;0;Área Externa;400;false;Persiana tela solar Ivory 3% com nivelador.;TS;false;;[];0;;0
794d8608-40b2-44ac-b8ad-8b5c4473dad4;7874e0fb-f3d5-4d4d-87dd-e3fb841e90ca;Cortina Sala ;2.92;2.52;1;prega;19c26162-bdec-49e6-a8f6-9a7f4fb357c8;ecb1e60b-962e-498e-ad7b-5bdd3ad9fb88;85c9a5d3-47eb-4425-bc70-d940ea8617fb;true;1;223.82;176.08;42.79;0.00;362.40;129.00;934.09;1868.17;2025-12-18 23:02:09.758457+00;2025-12-19 12:47:02.598826+00;cortina;;0;;;false;;;false;;"[""86ef7a02-b178-4c2e-a9b5-36fd567f0dc2"",""48726790-51eb-4457-bfdd-d3001aa06bb6""]";0;;0
39ea740b-e604-4f58-a619-1f76040c402e;fb820d28-a995-451a-baf8-4dcf4d86ec4e;Persiana 1;1.70;1.60;1;horizontal;;;;false;1;0.00;0.00;0.00;0.00;0.00;0.00;449.45;898.90;2025-12-19 15:49:46.6284+00;2025-12-19 15:50:50.954813+00;persiana;;0;Outros;449.45;false;Persiana Horizontal pvc 25mm;TS;false;;[];0;;0
4d54a223-6fb3-433d-8461-de4f3bc91878;fb820d28-a995-451a-baf8-4dcf4d86ec4e;Persiana 2;1.00;1.60;1;horizontal;;;;false;1;0.00;0.00;0.00;0.00;0.00;0.00;264.39;528.78;2025-12-19 15:50:34.966689+00;2025-12-19 15:50:51.21214+00;persiana;;0;Outros;264.39;false;Persiana Horizontal pvc 25mm;TS;false;;[];0;;0
53b75403-0ff1-44e0-8311-8ec2078858b1;5e5600a4-87a2-4abb-a088-038b1e6a6d62;Persiana 1;1.00;1.55;2;horizontal;;;;true;1;0.00;0.00;0.00;0.00;0.00;120.00;354.83;638.69;2025-12-22 14:39:12.697879+00;2025-12-22 14:46:57.745473+00;persiana;de2f8898-d506-450b-aca3-483bd55133ca;0;Varanda;234.83;false;ROLO SCREEN FA3 BRANCA;TS;false;;[];0;;0
67f5f47a-0e88-4745-89dc-e584f4ee3e70;5e5600a4-87a2-4abb-a088-038b1e6a6d62;Persiana 2;0.60;1.55;2;horizontal;;;;true;1;0.00;0.00;0.00;0.00;0.00;120.00;297.86;536.15;2025-12-22 14:40:00.725651+00;2025-12-22 14:46:57.997404+00;persiana;de2f8898-d506-450b-aca3-483bd55133ca;0;Varanda;177.86;false;ROLO SCREEN FA3 BRANCA;TS;false;;[];0;;0
449a18b5-7b01-466f-8b4d-90d2cfe678c9;5e5600a4-87a2-4abb-a088-038b1e6a6d62;Persiana 3;2.18;1.55;2;horizontal;;;;true;1;0.00;0.00;0.00;0.00;0.00;120.00;1141.49;2054.68;2025-12-22 14:40:48.429627+00;2025-12-22 14:46:58.241327+00;persiana;de2f8898-d506-450b-aca3-483bd55133ca;0;Varanda;1021.49;false;ROLO SCREEN FA3 BRANCA;TS;false;;[];0;;0
c28331cd-e881-4de6-af87-a55c4e9ea7e3;d76cbade-fb89-46c6-af11-48433c064b0e;Cortina Janela;1.20;1.10;12;prega;;144be8a8-4bc5-4fb9-a385-34cc9444c290;31afadeb-4453-4a86-893a-1c587f94cdab;true;1;0.00;1398.60;8.01;0.00;84.50;129.00;1620.11;2899.99;2025-12-18 23:28:21.192635+00;2025-12-23 20:31:48.304573+00;cortina;;0;Outros;;false;;;false;;"[""a22a9d50-37db-4c82-bd60-cf4cab6b601e""]";10;;0
92726cd2-b70d-43c6-bf1e-800f8484d8f8;bdd16f55-15aa-40fb-9550-aeade5b235fe;Persiana 1;1.00;1.85;1;rolo;;;;true;1;0.00;0.00;0.00;0.00;0.00;120.00;440.00;880.00;2025-12-26 21:27:39.539388+00;2025-12-26 21:52:04.030481+00;persiana;de2f8898-d506-450b-aca3-483bd55133ca;0;Área Externa;320;false;Persiana tela solar Ivory 3% com nivelador.;TS;false;;[];0;;0
9db6df5d-9f33-40c5-a2a9-72a05cf63547;bdd16f55-15aa-40fb-9550-aeade5b235fe;Persiana 2;1.00;1.85;1;rolo;;;;true;1;0.00;0.00;0.00;0.00;0.00;120.00;440.00;880.00;2025-12-26 21:29:40.731537+00;2025-12-26 21:52:04.669185+00;persiana;de2f8898-d506-450b-aca3-483bd55133ca;0;Área Externa;320;false;Persiana tela solar Ivory 3% com nivelador.;TS;false;;[];0;;0
5994f27a-a83a-4296-80cd-3f3acaf0ef19;bdd16f55-15aa-40fb-9550-aeade5b235fe;Persiana 3;1.30;1.85;1;rolo;;;;true;1;0.00;0.00;0.00;0.00;0.00;120.00;525.00;1050.00;2025-12-26 21:31:57.291151+00;2025-12-26 21:52:05.307704+00;persiana;de2f8898-d506-450b-aca3-483bd55133ca;0;Área Externa;405;false;Persiana tela solar Ivory 3% com nivelador.;TS;false;;[];0;;0
fc65d3e3-49cb-4359-b75c-679b3245aee3;bdd16f55-15aa-40fb-9550-aeade5b235fe;Persiana 4;1.20;1.85;1;rolo;;;;true;1;0.00;0.00;0.00;0.00;0.00;120.00;520.00;1040.00;2025-12-26 21:34:08.208321+00;2025-12-26 21:52:05.993767+00;persiana;de2f8898-d506-450b-aca3-483bd55133ca;0;Área Externa;400;false;Persiana tela solar Ivory 3% com nivelador.;TS;false;;[];0;;0
8466754b-1c10-41ee-9f5d-fb6c2fb3bc05;bdd16f55-15aa-40fb-9550-aeade5b235fe;Persiana 6;1.13;1.85;1;rolo;;;;true;1;0.00;0.00;0.00;0.00;0.00;120.00;470.00;940.00;2025-12-26 21:38:04.944453+00;2025-12-26 21:52:06.898619+00;persiana;de2f8898-d506-450b-aca3-483bd55133ca;0;Área Externa;350;false;Persiana tela solar Ivory 3% com nivelador.;TS;false;;[];0;;0
37230001-abe9-4b01-976b-7870768a07bb;bdd16f55-15aa-40fb-9550-aeade5b235fe;Persiana 7;1.18;1.85;1;rolo;;;;true;1;0.00;0.00;0.00;0.00;0.00;120.00;490.00;980.00;2025-12-26 21:42:14.465766+00;2025-12-26 21:52:07.459811+00;persiana;de2f8898-d506-450b-aca3-483bd55133ca;0;Área Externa;370;false;Persiana tela solar Ivory 3% com nivelador.;TS;false;;[];0;;0
7f7318aa-62a4-44f3-9975-cf44d041f33a;bdd16f55-15aa-40fb-9550-aeade5b235fe;Persiana 8;1.60;1.85;1;rolo;;;;true;1;0.00;0.00;0.00;0.00;0.00;120.00;600.00;1200.00;2025-12-26 21:45:46.446779+00;2025-12-26 21:52:08.025426+00;persiana;de2f8898-d506-450b-aca3-483bd55133ca;0;Área Externa;480;false;Persiana tela solar Ivory 3% com nivelador.;TS;false;;[];0;;0
6c19bbb8-8857-49ef-af50-bd08954bfceb;bdd16f55-15aa-40fb-9550-aeade5b235fe;Persiana 9;0.85;2.00;1;rolo;;;;true;1;0.00;0.00;0.00;0.00;0.00;120.00;405.00;810.00;2025-12-26 21:51:18.575312+00;2025-12-26 21:52:08.643712+00;persiana;de2f8898-d506-450b-aca3-483bd55133ca;0;Área Externa;285;false;Persiana tela solar Ivory 3% com nivelador.;TS;false;;[];0;;0
da23c9ab-84c8-465d-bb4f-9ae95905dfb5;b7464539-ba33-4fad-a840-71ca0081e952;Cortina 1;2.20;2.35;1;prega;;3497f9d7-d235-450e-8e98-b27a77f26e6f;;true;1;0.00;153.45;0.00;0.00;77.00;129.00;359.45;718.90;2026-01-02 14:16:53.341353+00;2026-01-02 14:18:28.759289+00;cortina;;0;Sala de Estar;;false;;;false;;"[""3145c925-4034-4ef3-8a42-0426900cddab""]";10;;0
4dbb85a6-3ece-464c-85fa-6993d4def423;cb024fc8-72b3-4461-b3b6-d9b6985cc4a6;Cortina 1;1.25;1.20;1;prega;4c736a64-1c9a-4257-9474-89e6c21f7520;144be8a8-4bc5-4fb9-a385-34cc9444c290;85c9a5d3-47eb-4425-bc70-d940ea8617fb;true;1;85.66;121.41;19.13;0.00;148.50;129.00;503.70;1057.77;2026-01-02 12:54:09.488119+00;2026-01-02 12:54:54.079937+00;cortina;;30;Quarto;;false;;;false;;"[""48726790-51eb-4457-bfdd-d3001aa06bb6"",""a22a9d50-37db-4c82-bd60-cf4cab6b601e""]";10;;0
0a4dbb1e-547a-4894-94c2-f286d49ffd15;b7464539-ba33-4fad-a840-71ca0081e952;Cortina 2;0.65;1.40;1;prega;;3497f9d7-d235-450e-8e98-b27a77f26e6f;;true;1;0.00;45.34;0.00;0.00;22.75;129.00;197.09;394.18;2026-01-02 14:17:51.081588+00;2026-01-02 14:18:30.018162+00;cortina;;0;Sala de Estar;;false;;;false;;"[""3145c925-4034-4ef3-8a42-0426900cddab""]";10;;0
c47f790a-e7ce-4e6d-a662-20f3c05d0b4a;2a3f4aa9-176e-45b9-94a1-1bca508a4cfe;Cortina 1;3.00;2.70;1;prega;;144be8a8-4bc5-4fb9-a385-34cc9444c290;;true;1;0.00;344.99;0.00;0.00;135.00;129.00;608.99;1217.98;2026-01-02 14:29:28.251949+00;2026-01-02 14:29:39.877804+00;cortina;;0;Quarto;;false;;;false;;"[""48726790-51eb-4457-bfdd-d3001aa06bb6""]";10;;0
3ecc5bee-7c57-4728-ac49-208c8edbf344;ae739f5a-dd73-4e6f-bded-bfa7e4b93a2c;Persiana Quarto;1.95;1.07;1;rolo;;;;true;1;0.00;0.00;0.00;0.00;0.00;200.00;620.00;1240.00;2026-01-05 18:47:42.398204+00;2026-01-05 18:48:04.714675+00;persiana;090d61f3-d2fe-4dbe-8424-97e897b0fe08;0;Quarto;420;false;Persiana blackout 100% com guia.;TS;false;;[];0;;0
516cd330-e78f-497d-b6e7-9611fc016b47;d76cbade-fb89-46c6-af11-48433c064b0e;Cortina Porta ;2.50;2.30;6;prega;;144be8a8-4bc5-4fb9-a385-34cc9444c290;31afadeb-4453-4a86-893a-1c587f94cdab;true;1;0.00;1456.88;16.02;0.00;169.00;129.00;1770.89;2656.34;2025-12-18 23:26:37.155096+00;2026-01-07 23:22:28.416634+00;cortina;;0;Outros;;false;;;false;;"[""a22a9d50-37db-4c82-bd60-cf4cab6b601e""]";10;;0
1faeb05d-219b-47ea-808c-9a0788e086b5;9d4c2e2a-2fa3-4f28-b79d-2a4f3fc3bb74;Cortina Sala De Estar ;3.00;2.80;1;prega;d4f2a3ee-30f5-4451-9d27-54c08559ff0f;ecb1e60b-962e-498e-ad7b-5bdd3ad9fb88;85c9a5d3-47eb-4425-bc70-d940ea8617fb;true;2;294.34;221.42;43.93;0.00;387.50;258.00;1205.18;2410.37;2026-01-06 18:32:35.228518+00;2026-01-06 18:36:43.424406+00;cortina;;40;Sala de Estar;;false;;;false;;"[""48726790-51eb-4457-bfdd-d3001aa06bb6"",""a22a9d50-37db-4c82-bd60-cf4cab6b601e"",""69da02ed-8ce4-4b0d-95e9-7bd29e79681a""]";10;;0
99fec0c5-5e16-4830-9694-879639018822;7f16c60e-9a83-4e5f-86ff-5b3bdc69f327;Cortina suíte solteiro.;2.26;2.81;1;prega;4711506f-d5a0-43f0-80ff-1f071ce06ac7;;31afadeb-4453-4a86-893a-1c587f94cdab;true;1;221.67;0.00;14.53;0.00;153.27;129.00;518.47;1062.86;2026-01-12 21:42:04.062895+00;2026-01-13 17:28:21.307079+00;cortina;;40;Quarto;;false;;;false;;"[""a22a9d50-37db-4c82-bd60-cf4cab6b601e""]";0;;0
8915e8ea-159e-4d4c-b683-6e14eb131b5e;98e77f26-58d0-4eb0-a0f4-dd21629723a1;Persiana Tela Solar 3% com bando.;2.30;2.17;1;rolo;;;;true;1;0.00;0.00;0.00;0.00;0.00;120.00;1046.42;2092.84;2026-01-07 18:06:12.184066+00;2026-01-08 16:50:09.387517+00;persiana;de2f8898-d506-450b-aca3-483bd55133ca;0;Outros;926.42;false;Persiana Tela Solar 3% com bando.;TS;false;;[];0;;0
bef58c06-2b73-4420-9bfe-669dfbc31a62;b07868de-6f0e-4454-ac54-979558119ebe;Cortina Sala Linho Sintético e Forro Micofibra;1.80;2.20;1;prega;e2462d3a-7b6e-4eff-bf83-66297d9f01d7;2f15c06a-fdb8-4bbb-86f6-2e59755fb7e7;85c9a5d3-47eb-4425-bc70-d940ea8617fb;true;2;137.97;47.21;26.92;0.00;209.00;258.00;679.10;1358.20;2026-01-08 18:37:15.054339+00;2026-01-08 18:37:45.166336+00;cortina;;30;Sala de Estar;;false;;;false;;"[""a22a9d50-37db-4c82-bd60-cf4cab6b601e"",""48726790-51eb-4457-bfdd-d3001aa06bb6""]";10;;0
fa0817ac-a330-4090-9151-2147f008d432;9809802f-2760-4d0c-a75d-fa29f0716b50;Cortina Quarto Visita;1.80;2.75;1;prega;;144be8a8-4bc5-4fb9-a385-34cc9444c290;;true;1;0.00;233.72;0.00;0.00;81.00;129.00;443.72;887.44;2026-01-08 19:48:21.18259+00;2026-01-08 19:53:35.262845+00;cortina;;0;Quarto;;false;;;false;;"[""48726790-51eb-4457-bfdd-d3001aa06bb6""]";10;;0
a800f6f9-fa96-461c-86af-7bc1a83d5042;e92c142d-a7a1-46ae-8074-7e8e6484d1c0;Persiana com guia.;1.45;1.16;2;rolo;;;;true;1;0.00;0.00;0.00;0.00;0.00;120.00;551.80;827.70;2025-12-05 13:15:27.206065+00;2026-01-07 23:22:28.416634+00;persiana;090d61f3-d2fe-4dbe-8424-97e897b0fe08;0;Quarto;431.8;false;Manuteçao de persiana rolo com guia, troca de tecido;ts;false;;[];0;;0
e8e23a9a-e152-4fc4-968f-d6f0dcf7ce1b;d701093c-95c9-4f0b-ae8f-263559a415d9;Cortina 1;2.50;7.00;1;prega;8845d17e-4b07-4b85-b709-12ff71956d43;;;false;1;913.53;0.00;0.00;0.00;162.50;0.00;1076.03;1614.05;2025-11-27 00:20:45.078438+00;2026-01-07 23:22:28.416634+00;cortina;;50;Banheiro;;false;;;false;;[];0;;0
5a6911b2-9342-45c1-b40e-793c79cfbbee;ef7df3f1-08a4-49b1-b69a-89b84e0ee3e6;Persiana Quarto 1 Persiana Black-out 100%.;2.17;1.45;1;rolo;;;;true;1;0.00;0.00;0.00;0.00;0.00;120.00;720.00;1512.00;2026-01-12 12:40:19.129774+00;2026-01-12 12:42:04.4544+00;persiana;090d61f3-d2fe-4dbe-8424-97e897b0fe08;0;Quarto;600;false;Persiana Black-out 100%. Com bando sem guia.;TS;false;;[];0;;0
78b42a40-8796-444c-911a-6a2fbc04e4fb;ef7df3f1-08a4-49b1-b69a-89b84e0ee3e6;Persiana Quarto 2 Persiana Black-out 100%. ;1.67;1.45;1;rolo;;;;true;1;0.00;0.00;0.00;0.00;0.00;120.00;585.00;1228.50;2026-01-12 12:41:10.5154+00;2026-01-12 12:42:04.750773+00;persiana;090d61f3-d2fe-4dbe-8424-97e897b0fe08;0;Quarto;465;false;Persiana Black-out 100%. Com bando sem guia.;TS;false;;[];0;;0
67383ba9-d5ab-4aad-9467-52b99567d686;ef7df3f1-08a4-49b1-b69a-89b84e0ee3e6;Persiana Quarto 3 Persiana Black-out 100%.  ;1.67;1.45;1;rolo;;;;true;1;0.00;0.00;0.00;0.00;0.00;120.00;585.00;1228.50;2026-01-12 12:41:30.879687+00;2026-01-12 12:42:05.107813+00;persiana;090d61f3-d2fe-4dbe-8424-97e897b0fe08;0;Quarto;465;false;Persiana Black-out 100%. Com bando sem guia.;TS;false;;[];0;;0
0728da56-ac80-4eaf-86d6-09bfa483ce6f;b34ba5b8-669b-4065-986c-2f8ef274d9bd;Cortina Sala Linho/Forro;3.60;2.60;1;prega;e2462d3a-7b6e-4eff-bf83-66297d9f01d7;ee140427-a270-4485-94a4-b9e3b67f2c6b;85c9a5d3-47eb-4425-bc70-d940ea8617fb;true;2;275.94;90.54;52.43;0.00;407.00;258.00;1083.91;2222.01;2026-01-12 14:20:52.111968+00;2026-01-12 14:21:20.443847+00;cortina;;40;Sala de Estar;;false;;;false;;"[""48726790-51eb-4457-bfdd-d3001aa06bb6"",""a22a9d50-37db-4c82-bd60-cf4cab6b601e""]";10;;0
32191eed-fc8e-4b9a-97b1-aee421bf0b47;712b2ee7-7dca-4972-b7cd-89db0ac3f752;Persiana Tela Solar 3% com nivelador.;2.30;2.17;1;rolo;;;;true;1;0.00;0.00;0.00;0.00;0.00;120.00;962.05;1924.10;2026-01-07 18:07:23.197139+00;2026-01-08 16:47:20.722751+00;persiana;de2f8898-d506-450b-aca3-483bd55133ca;0;Outros;842.05;false;Persiana Tela Solar 3% com nivelador.;TS;false;;[];0;;0
421cbb00-629a-4ba8-99d9-a865050f3e20;712b2ee7-7dca-4972-b7cd-89db0ac3f752;Persiana Tela Solar 3% com nivelador. (Cópia);1.27;2.00;1;rolo;;;;true;1;0.00;0.00;0.00;0.00;0.00;120.00;604.00;1208.00;2026-01-08 16:45:02.116131+00;2026-01-08 16:47:21.176972+00;persiana;de2f8898-d506-450b-aca3-483bd55133ca;0;Outros;484;false;Persiana Tela Solar 3% com nivelador.;TS;false;;[];0;;0
75f2b5d0-717e-4d48-9f03-8bc92ebd8a37;7f16c60e-9a83-4e5f-86ff-5b3bdc69f327;Persiana Banheira Blackout com bando.;1.40;1.60;1;rolo;;;;true;1;0.00;0.00;0.00;0.00;0.00;120.00;540.00;1107.00;2026-01-12 21:37:51.937576+00;2026-01-13 17:28:20.459326+00;persiana;090d61f3-d2fe-4dbe-8424-97e897b0fe08;0;Banheiro;420;false;Persiana blackout tecido pimpoint com bando.;TS;false;;[];0;;0
83ce69ec-b7d5-47c7-8f42-b06ed723bf8e;7f16c60e-9a83-4e5f-86ff-5b3bdc69f327;Cortina suíte master;2.75;2.80;1;prega;4711506f-d5a0-43f0-80ff-1f071ce06ac7;;31afadeb-4453-4a86-893a-1c587f94cdab;true;1;294.34;0.00;17.53;0.00;184.93;129.00;625.79;1282.87;2026-01-12 21:40:53.136054+00;2026-01-13 17:28:20.945247+00;cortina;;40;Quarto;;false;;;false;;"[""a22a9d50-37db-4c82-bd60-cf4cab6b601e""]";0;;0
508906ff-9686-43bc-a857-3a742a8567a3;81f11937-e4f1-4495-920d-739367f7df8c;Cortina suíte 1 ;2.34;2.77;1;prega;4672917e-0598-4669-9232-c9c7d15133fc;;;true;2;386.71;0.00;0.00;0.00;187.20;258.00;1874.44;3748.88;2026-01-13 02:22:00.197509+00;2026-01-13 13:10:10.928657+00;cortina;;40;Quarto;;false;;;true;;"[""69da02ed-8ce4-4b0d-95e9-7bd29e79681a"",""a22a9d50-37db-4c82-bd60-cf4cab6b601e""]";0;1a8067b6-e57d-4000-a134-c63de7bf18bb;1042.53
f86c8c25-606b-40d7-836a-0f0af37c8884;81f11937-e4f1-4495-920d-739367f7df8c;Cortina Suíte 2;3.24;2.78;1;prega;4672917e-0598-4669-9232-c9c7d15133fc;;;false;1;517.17;0.00;0.00;0.00;259.20;0.00;1923.50;3847.00;2026-01-13 02:24:41.299411+00;2026-01-13 13:10:11.198292+00;cortina;;40;Quarto;;false;;;true;;"[""a22a9d50-37db-4c82-bd60-cf4cab6b601e"",""69da02ed-8ce4-4b0d-95e9-7bd29e79681a""]";0;a6fc9426-2975-4a09-a7a6-0b27cf280f64;1147.13
522d1333-00c8-4760-9c86-46a0bb82fd40;81f11937-e4f1-4495-920d-739367f7df8c;Persiana Closet Suite master;1.71;1.40;1;rolo;;;;true;1;0.00;0.00;0.00;0.00;0.00;300.00;975.00;1950.00;2026-01-13 02:28:13.092926+00;2026-01-13 13:10:11.465033+00;persiana;de2f8898-d506-450b-aca3-483bd55133ca;0;Quarto;675;false;Persiana motorizada tela solar 3% com nivelador.;TS;true;;[];0;;0
3945772e-d024-4cf3-97b8-4cd2903b8d0e;81f11937-e4f1-4495-920d-739367f7df8c;Persiana Closet Suite 1;1.05;1.40;1;rolo;;;;true;1;0.00;0.00;0.00;0.00;0.00;120.00;440.00;880.00;2026-01-13 02:32:38.375421+00;2026-01-13 13:10:11.728193+00;persiana;090d61f3-d2fe-4dbe-8424-97e897b0fe08;0;Quarto;320;false;persiana blackout 100% sem guia lateral. Comando direito.;TS;false;;[];0;;0
d33bc286-98cd-456e-bd71-77bfd3eac3a7;0eab3edf-50f6-4bf7-89ab-2b1f796880c2;Cortina Quarto 3;2.90;2.74;1;prega;4c736a64-1c9a-4257-9474-89e6c21f7520;144be8a8-4bc5-4fb9-a385-34cc9444c290;85c9a5d3-47eb-4425-bc70-d940ea8617fb;true;1;258.46;349.65;42.51;0.00;375.00;129.00;1154.62;2366.96;2026-01-13 21:26:58.721107+00;2026-01-13 21:28:10.68846+00;cortina;;40;Quarto;;false;;;false;;"[""69da02ed-8ce4-4b0d-95e9-7bd29e79681a"",""48726790-51eb-4457-bfdd-d3001aa06bb6"",""a22a9d50-37db-4c82-bd60-cf4cab6b601e""]";10;;0
a24f5a78-3a91-42e9-b7c1-67f88b639ce7;0eab3edf-50f6-4bf7-89ab-2b1f796880c2;Cortina Quarto 1;2.73;2.74;1;prega;4c736a64-1c9a-4257-9474-89e6c21f7520;144be8a8-4bc5-4fb9-a385-34cc9444c290;85c9a5d3-47eb-4425-bc70-d940ea8617fb;true;1;258.46;349.65;40.10;0.00;353.75;129.00;1130.96;2318.46;2026-01-13 21:25:58.772016+00;2026-01-13 21:28:09.859975+00;cortina;;40;Quarto;;false;;;false;;"[""69da02ed-8ce4-4b0d-95e9-7bd29e79681a"",""48726790-51eb-4457-bfdd-d3001aa06bb6"",""a22a9d50-37db-4c82-bd60-cf4cab6b601e""]";10;;0
99e4ed72-4042-41fb-8882-297b8e85eb9d;29a61819-1fb8-4df5-acbc-b190b8a32d59;Persianas living parte frente.;1.84;2.41;5;rolo;;;;true;1;0.00;0.00;0.00;0.00;0.00;1500.00;9215.00;18430.00;2026-01-13 13:30:13.751632+00;2026-01-13 13:43:25.57621+00;persiana;de2f8898-d506-450b-aca3-483bd55133ca;0;Sala de Estar;1543;false;Persiana Double Vision cinza com bando motorizada;TS;true;;[];0;;0
b3993f1e-c729-4b8e-9423-1442ebb0d4bc;29a61819-1fb8-4df5-acbc-b190b8a32d59;Persianas living parte lateral;1.09;2.41;1;rolo;;;;true;1;0.00;0.00;0.00;0.00;0.00;300.00;1340.00;2680.00;2026-01-13 13:42:37.218391+00;2026-01-13 13:43:25.918485+00;persiana;de2f8898-d506-450b-aca3-483bd55133ca;0;Sala de Estar;1040;false;Persiana Double Vision cinza com bando motorizada;TS;true;;[];0;;0
e7ede015-6ce0-4154-b42a-60aad5de5a66;81f11937-e4f1-4495-920d-739367f7df8c;Persiana Cozinha ;1.52;1.72;1;rolo;;;;true;1;0.00;0.00;0.00;0.00;0.00;300.00;1000.00;2000.00;2026-01-13 02:36:48.515324+00;2026-01-13 13:10:09.247107+00;persiana;de2f8898-d506-450b-aca3-483bd55133ca;0;Cozinha;700;false;Persiana tela solar 3% motorizada motor lado esquerdo. nivelador.;TS;true;;[];0;;0
e66cd5f0-7260-442e-8e06-67ef6e419d46;81f11937-e4f1-4495-920d-739367f7df8c;Persiana Lavanderia;2.04;1.74;1;rolo;;;;true;1;0.00;0.00;0.00;0.00;0.00;300.00;1155.00;2310.00;2026-01-13 02:38:34.26897+00;2026-01-13 13:10:09.689164+00;persiana;de2f8898-d506-450b-aca3-483bd55133ca;0;Lavanderia;855;false;Persiana tela solar 3% motorizada motor lado esquerdo. nivelador.;TS;true;;[];0;;0
a53a6581-e2b0-4a02-a589-c9df2c243533;81f11937-e4f1-4495-920d-739367f7df8c;Cortina suíte master;2.87;2.77;1;prega;4672917e-0598-4669-9232-c9c7d15133fc;;;true;2;515.62;0.00;0.00;0.00;229.60;258.00;2045.75;4091.50;2026-01-13 02:02:45.081462+00;2026-01-13 13:10:10.141964+00;cortina;;40;Quarto;;false;;;true;;"[""69da02ed-8ce4-4b0d-95e9-7bd29e79681a"",""a22a9d50-37db-4c82-bd60-cf4cab6b601e""]";0;1a8067b6-e57d-4000-a134-c63de7bf18bb;1042.53
3f97d681-35fe-48a8-947a-1cb49dfada52;81f11937-e4f1-4495-920d-739367f7df8c;Persiana Suíte Master Com Guia ;2.87;2.76;1;rolo;;;;true;1;0.00;0.00;0.00;0.00;0.00;300.00;2955.00;5910.00;2026-01-13 02:12:35.064098+00;2026-01-13 13:10:10.5023+00;persiana;090d61f3-d2fe-4dbe-8424-97e897b0fe08;0;Quarto;2655;false;Persiana com guia motorizada black out 100%;TS;true;;[];0;;0
3c97b387-b8f0-4984-aa7f-e7a886a30b24;0eab3edf-50f6-4bf7-89ab-2b1f796880c2;Cortina Quarto 2;2.65;2.74;1;prega;4c736a64-1c9a-4257-9474-89e6c21f7520;144be8a8-4bc5-4fb9-a385-34cc9444c290;85c9a5d3-47eb-4425-bc70-d940ea8617fb;true;1;258.46;349.65;38.97;0.00;343.75;129.00;1119.82;2295.64;2026-01-13 21:26:30.177253+00;2026-01-13 21:28:10.352098+00;cortina;;40;Quarto;;false;;;false;;"[""69da02ed-8ce4-4b0d-95e9-7bd29e79681a"",""48726790-51eb-4457-bfdd-d3001aa06bb6"",""a22a9d50-37db-4c82-bd60-cf4cab6b601e""]";10;;0
c408b648-6eb9-4593-b958-3f8fce743509;7f16c60e-9a83-4e5f-86ff-5b3bdc69f327;Cortina suíte 2;2.26;2.82;1;prega;4711506f-d5a0-43f0-80ff-1f071ce06ac7;;31afadeb-4453-4a86-893a-1c587f94cdab;true;1;222.07;0.00;14.51;0.00;153.08;129.00;518.65;1063.23;2026-01-12 21:42:49.192043+00;2026-01-13 17:28:21.721704+00;cortina;;40;Quarto;;false;;;false;;"[""a22a9d50-37db-4c82-bd60-cf4cab6b601e""]";0;;0
fc59bb35-2384-49d3-9c21-5a0a7b2b2ccb;7f16c60e-9a83-4e5f-86ff-5b3bdc69f327;Cortina suíte 3;2.52;2.87;1;prega;4711506f-d5a0-43f0-80ff-1f071ce06ac7;;31afadeb-4453-4a86-893a-1c587f94cdab;true;1;225.61;0.00;16.12;0.00;170.11;129.00;540.84;1108.72;2026-01-12 21:43:36.07219+00;2026-01-13 17:28:22.122322+00;cortina;;40;Quarto;;false;;;false;;"[""a22a9d50-37db-4c82-bd60-cf4cab6b601e""]";0;;0
194d464a-0306-45b4-b7e4-1896da265a64;0eab3edf-50f6-4bf7-89ab-2b1f796880c2;Cortina Quarto 4;3.20;2.74;1;prega;4c736a64-1c9a-4257-9474-89e6c21f7520;144be8a8-4bc5-4fb9-a385-34cc9444c290;85c9a5d3-47eb-4425-bc70-d940ea8617fb;true;1;258.46;349.65;46.76;0.00;412.50;129.00;1196.37;2452.55;2026-01-13 21:27:20.648731+00;2026-01-13 21:28:11.114454+00;cortina;;40;Quarto;;false;;;false;;"[""69da02ed-8ce4-4b0d-95e9-7bd29e79681a"",""48726790-51eb-4457-bfdd-d3001aa06bb6"",""a22a9d50-37db-4c82-bd60-cf4cab6b601e""]";10;;0